id,topic,date,qNum,qStatement,a1,a2,a3,a4,a5,ans,Year,Month,Monthind,,,,,,,,,,,,,,,
Apr.2021.Z04.26,02.02 Group Class,April.2021.Z04,26,,,,,,,G (Topic: Probability-Combinations-Permutations),,,,,,,,,,,,,,,,C (Topic: Matrices),,
Apr.2019.B04.27,02.02 Group Class,April.2019.B04,27,,,,,,,A (Topic: Probability-Combinations-Permutations),,,,,,,,,,,,,,,,K (Topic: Matrices),,
Dec.2016.30,02.02 Group Class,December.2016,30,,,,,,,K (Topic: Probability-Combinations-Permutations),,,,,,,,,,,,,,,,G (Topic: Matrices),,
Dec.2022.30,02.02 Group Class,December.2022,30,,,,,,,J (Topic: Probability-Combinations-Permutations),,,,,,,,,,,,,,,,,,
Apr.2019.Z15.34,02.02 Group Class,April.2019.Z15,34,,,,,,,G (Topic: Statistics),,,,,,,,,,,,,,,,,,
Apr.2021.Z04.38,02.02 Group Class,April.2021.Z04,38,,,,,,,F (Topic: Probability-Combinations-Permutations),,,,,,,,,,,,,,,,,,
June.2020.38,02.02 Group Class,June.2020,38,,,,,,,F (Topic: Probability-Combinations-Permutations),,,,,,,,,,,,,,,,,,
Dec.2018.39,02.02 Group Class,December.2018,39,,,,,,,E (Topic: Statistics),,,,,,,,,,,,,,,,,,
Apr.2017.41,02.02 Group Class,April.2017,41,,,,,,,A (Topic: Data Interpretation),,,,,,,,,,,,,,,,,,
Jun.2015.41,02.02 Group Class,June.2015,41,,,,,,,D (Topic: Data Interpretation),,,,,,,,,,,,,,,,,,
Dec.2022.44,02.02 Group Class,December.2022,44,,,,,,,G (Topic: Probability-Combinations-Permutations),,,,,,,,,,,,,,,,,,
Apr.2019.Z15.45,02.02 Group Class,April.2019.Z15,45,,,,,,,A (Topic: Data Interpretation),,,,,,,,,,,,,,,,,,
Apr.2021.D05.50,02.02 Group Class,April.2021.D05,50,,,,,,,J (Topic: Probability-Combinations-Permutations),,,,,,,,,,,,,,,,,,
July.2020.52,02.02 Group Class,July.2020,52,,,,,,,J (Topic: Statistics),,,,,,,,,,,,,,,,,,
Dec.2017.54,02.02 Group Class,December.2017,54,,,,,,,J (Topic: Statistics),,,,,,,,,,,,,,,,,,
Dec.2017.54,02.02 Group Class,December.2017,54,,,,,,,J (Topic: Statistics),,,,,,,,,,,,,,,,,,
June.2020.56,02.02 Group Class,June.2020,56,,,,,,,K (Topic: Imaginary Numbers),,,,,,,,,,,,,,,,,,
Apr.2021.D05.56,02.02 Group Class,April.2021.D05,56,,,,,,,K (Topic: Statistics),,,,,,,,,,,,,,,,,,
July.2020.56,02.02 Group Class,July.2020,56,,,,,,,J (Topic: Probability-Combinations-Permutations),,,,,,,,,,,,,,,,,,
Dec.2016.57,02.02 Group Class,December.2016,57,,,,,,,D (Topic: Imaginary Numbers),,,,,,,,,,,,,,,,,,
Apr.2019.Z15.57,02.02 Group Class,April.2019.Z15,57,,,,,,,D (Topic: Statistics),,,,,,,,,,,,,,,,,,
Apr.2017.58,02.02 Group Class,April.2017,58,,,,,,,F (Topic: Imaginary Numbers),,,,,,,,,,,,,,,,,,
Jun.2018.58,02.02 Group Class,June.2018,58,,,,,,,F (Topic: Probability-Combinations-Permutations),,,,,,,,,,,,,,,,,,
Dec.2018.58,02.02 Group Class,December.2018,58,,,,,,,K (Topic: Probability-Combinations-Permutations),,,,,,,,,,,,,,,,,,
Jun.2021.59,02.02 Group Class,June.2021,59,,,,,,,A (Topic: Probability-Combinations-Permutations),,,,,,,,,,,,,,,,,,
Dec.2016.59,02.02 Group Class,December.2016,59,,,,,,,A (Topic: Statistics),,,,,,,,,,,,,,,,,,
,,,,,,,,,,,,,,,,,,,,,,,,,,,,
Apr.2021.D05.07,02.09 Group Class,April.2021.D05,7,,,,,,,B (Topic: Vocab),,,,,,,,,,,,,,,,,,
Dec.2022.18,02.09 Group Class,December.2022,18,,,,,,,K (Topic: Vocab),,,,,,,,,,,,,,,,,,
Apr.2021.Z04.31,02.09 Group Class,April.2021.Z04,31,,,,,,,B (Topic: Vocab),,,,,,,,,,,,,,,,,,
Jun.2021.31,02.09 Group Class,June.2021,31,,,,,,,C (Topic: Sequences),,,,,,,,,,,,,,,,,,
Apr.2019.B04.33,02.09 Group Class,April.2019.B04,33,,,,,,,A (Topic: Vocab),,,,,,,,,,,,,,,,,,
June.2022.36,02.09 Group Class,June.2022,36,,,,,,,K (Topic: Vocab),,,,,,,,,,,,,,,,,,
June.2020.40,02.09 Group Class,June.2020,40,,,,,,,K (Topic: Probability-Combinations-Permutations),,,,,,,,,,,,,,,,,,
Jun.2018.41,02.09 Group Class,June.2018,41,,,,,,,E (Topic: Vocab),,,,,,,,,,,,,,,,,,
Jun.2019.47,02.09 Group Class,June.2019,47,,,,,,,B (Topic: Sequences),,,,,,,,,,,,,,,,,,
July.2020.49,02.09 Group Class,July.2020,49,,,,,,,D (Topic: Vocab),,,,,,,,,,,,,,,,,,
Dec.2017.49,02.09 Group Class,December.2017,49,,,,,,,B (Topic: Trig),,,,,,,,,,,,,,,,,,
Dec.2018.51,02.09 Group Class,December.2018,51,,,,,,,B (Topic: Vocab),,,,,,,,,,,,,,,,,,
Jun.2021.53,02.09 Group Class,June.2021,53,,,,,,,D (Topic: Trig),,,,,,,,,,,,,,,,,,
Jun.2019.53,02.09 Group Class,June.2019,53,,,,,,,A (Topic: Trig),,,,,,,,,,,,,,,,,,
Dec.2022.53,02.09 Group Class,December.2022,53,,,,,,,D (Topic: Plug in Numbers (Calc)),,,,,,,,,,,,,,,,,,
Apr.2015.53,02.09 Group Class,April.2015,53,"53. Suppose that equally spaced dots are marked on each side of a regular polygon, with a dot at each vertex, and that the distance between consecutive dots is the same for all sides. The figure below shows 4 equally spaced dots per side, including a dot at each vertex, for an equilateral triangle. Which of the following expressions represents the number of dots for a regular polygon with n equally spaced dots including one at each vertex, marked on each of its s sides?",ns,ns - 1,ns - s,ns + s,ns – n,C (Topic: Plug in Numbers (Calc)),,,,,,,,,,,,,,,,,,
July.2020.56,02.09 Group Class,July.2020,56,,,,,,,J (Topic: Probability-Combinations-Permutations),,,,,,,,,,,,,,,,,,
Dec.2018.56,02.09 Group Class,December.2018,56,,,,,,,J (Topic: Probability-Combinations-Permutations),,,,,,,,,,,,,,,,,,
Apr.2015.56,02.09 Group Class,April.2015,56,,,,,,,H (Topic: Plug in Numbers (Calc)),,,,,,,,,,,,,,,,,,
Dec.2019.57,02.09 Group Class,December.2019,57,,,,,,,C (Topic: Sequences),,,,,,,,,,,,,,,,,,
Dec.2018.58,02.09 Group Class,December.2018,58,,,,,,,K (Topic: Probability-Combinations-Permutations),,,,,,,,,,,,,,,,,,
Dec.2022.59,02.09 Group Class,December.2022,59,,,,,,,C (Topic: Plug in Numbers (Calc)),,,,,,,,,,,,,,,,,,
Jun.2021.60,02.09 Group Class,June.2021,60,,,,,,,J (Topic: Vocab),,,,,,,,,,,,,,,,,,
July.2020.60,02.09 Group Class,July.2020,60,,,,,,,K (Topic: Trig),,,,,,,,,,,,,,,,,,
,,,,,,,,,,,,,,,,,,,,,,,,,,,,
,,,,,,,,,,,,,,,,,,,,,,,,,,,,
,,,,,,,,,,,,,,,,,,,,,,,,,,,,
,,,,,,,,,,,,,,,,,,,,,,,,,,,,
Jun.2021.11,06.23 Group Class,June.2021,11,,,,,,,A (Topic: System of Equations),,,,,,,,,,,,,,,,,,
Dec.2018.11,06.23 Group Class,December.2018,11,,,,,,,B (Topic: LCMGCF),,,,,,,,,,,,,,,,,,
Apr.2021.Z04.12,06.23 Group Class,April.2021.Z04,12,,,,,,,G (Topic: Coordinate Geometry),,,,,,,,,,,,,,,,,,
Apr.2018.13,06.23 Group Class,April.2018,13,,,,,,,B (Topic: Coordinate Geometry),,,,,,,,,,,,,,,,,,
Jun.2018.13,06.23 Group Class,June.2018,13,,,,,,,C (Topic: Quadratics (and above)),,,,,,,,,,,,,,,,,,
Dec.2015.17,06.23 Group Class,December.2015,17,,,,,,,D (Topic: System of Equations),,,,,,,,,,,,,,,,,,
Jun.2021.23,06.23 Group Class,June.2021,23,,,,,,,D (Topic: Sequences),,,,,,,,,,,,,,,,,,
Apr.2018.23,06.23 Group Class,April.2018,23,,,,,,,A (Topic: System of Equations),,,,,,,,,,,,,,,,,,
Apr.2015.24,06.23 Group Class,April.2015,24,,,,,,,K (Topic: Sequences),,,,,,,,,,,,,,,,,,
Apr.2018.26,06.23 Group Class,April.2018,26,,,,,,,H (Topic: Sequences),,,,,,,,,,,,,,,,,,
Apr.2021.D05.27,06.23 Group Class,April.2021.D05,27,,,,,,,E (Topic: Quadratics (and above)),,,,,,,,,,,,,,,,,,
Dec.2018.29,06.23 Group Class,December.2018,29,,,,,,,C (Topic: Imaginary Numbers),,,,,,,,,,,,,,,F,2022,Apr,4
Apr.2017.35,06.23 Group Class,April.2017,35,,,,,,,C (Topic: Perimeter-Area-Volume),,,,,,,,,,,,,,,,,,
Apr.2019.B04.43,06.23 Group Class,April.2019.B04,43,,,,,,,E (Topic: Perimeter-Area-Volume),,,,,,,,,,,,,,,,,,
Apr.2016.45,06.23 Group Class,April.2016,45,,,,,,,A (Topic: LCMGCF),,,,,,,,,,,,,,,,,,
Apr.2019.Z15.47,06.23 Group Class,April.2019.Z15,47,,,,,,,D (Topic: Coordinate Geometry),,,,,,,,,,,,,,,,,,
Dec.2015.47,06.23 Group Class,December.2015,47,,,,,,,B (Topic: Lines),,,,,,,,,,,,,,,,,,
Jun.2017.47,06.23 Group Class,June.2017,47,,,,,,,E (Topic: LCMGCF),,,,,,,,,,,,,,,,,,
Apr.2021.Z04.48,06.23 Group Class,April.2021.Z04,48,,,,,,,G (Topic: Coordinate Geometry),,,,,,,,,,,,,,,,,,
Dec.2019.49,06.23 Group Class,December.2019,49,,,,,,,A (Topic: Sequences),,,,,,,,,,,,,,,,,,
Apr.2017.50,06.23 Group Class,April.2017,50,,,,,,,J (Topic: System of Equations),,,,,,,,,,,,,,,,,,
Apr.2017.53,06.23 Group Class,April.2017,53,,,,,,,A (Topic: Sequences),,,,,,,,,,,,,,,,,,
Dec.2021.55,06.23 Group Class,December.2021,55,,,,,,,A (Topic: Perimeter-Area-Volume),,,,,,,,,,,,,,,,,,
Apr.2021.Z04.55,06.23 Group Class,April.2021.Z04,55,,,,,,,B (Topic: Imaginary Numbers),,,,,,,,,,,,,,,,,,
Jun.2021.56,06.23 Group Class,June.2021,56,,,,,,,J (Topic: Quadratics (and above)),,,,,,,,,,,,,,,,,,
,,,,,,,,,,,,,,,,,,,,,,,,,,,,
Dec.2016.04,06.30 Group Class,December.2016,4,,,,,,,J (Topic: Statistics),,,,,,,,,,,,,,,,,,
Dec.2022.18,06.30 Group Class,December.2022,18,,,,,,,K (Topic: Vocab),,,,,,,,,,,,,,,,,,
Apr.2021.Z04.26,06.30 Group Class,April.2021.Z04,26,,,,,,,G (Topic: Probability-Combinations-Permutations),,,,,,,,,,,,,,,,,,
Apr.2019.B04.27,06.30 Group Class,April.2019.B04,27,,,,,,,A (Topic: Probability-Combinations-Permutations),,,,,,,,,,,,,,,,,,
Apr.2019.Z15.34,06.30 Group Class,April.2019.Z15,34,,,,,,,G (Topic: Statistics),,,,,,,,,,,,,,,,,,
Apr.2021.Z04.38,06.30 Group Class,April.2021.Z04,38,,,,,,,F (Topic: Probability-Combinations-Permutations),,,,,,,,,,,,,,,,,,
Dec.2018.39,06.30 Group Class,December.2018,39,,,,,,,E (Topic: Statistics),,,,,,,,,,,,,,,,,,
Apr.2017.41,06.30 Group Class,April.2017,41,,,,,,,A (Topic: Data Interpretation),,,,,,,,,,,,,,,,,,
Jun.2015.41,06.30 Group Class,June.2015,41,,,,,,,D (Topic: Data Interpretation),,,,,,,,,,,,,,,,,,
Dec.2022.44,06.30 Group Class,December.2022,44,,,,,,,G (Topic: Probability-Combinations-Permutations),,,,,,,,,,,,,,,,,,
Apr.2019.Z15.45,06.30 Group Class,April.2019.Z15,45,,,,,,,A (Topic: Data Interpretation),,,,,,,,,,,,,,,,,,
Jun.2017.47,06.30 Group Class,June.2017,49,,,,,,,D (Topic: Probability-Combinations-Permutations),,,,,,,,,,,,,,,,,,
July.2020.52,06.30 Group Class,July.2020,52,,,,,,,J (Topic: Statistics),,,,,,,,,,,,,,,,,,
Apr.2018.52,06.30 Group Class,April.2018,52,,,,,,,J (Topic: Probability-Combinations-Permutations),,,,,,,,,,,,,,,,,,
Dec.2017.54,06.30 Group Class,December.2017,54,,,,,,,J (Topic: Statistics),,,,,,,,,,,,,,,,,,
Apr.2019.Z15.57,06.30 Group Class,April.2019.Z15,57,,,,,,,D (Topic: Statistics),,,,,,,,,,,,,,,,,,
Jun.2018.58,06.30 Group Class,June.2018,58,,,,,,,F (Topic: Probability-Combinations-Permutations),,,,,,,,,,,,,,,,,,
Dec.2016.59,06.30 Group Class,December.2016,59,,,,,,,A (Topic: Statistics),,,,,,,,,,,,,,,,,,
Jun.2021.60,06.30 Group Class,June.2021,60,,,,,,,J (Topic: Vocab),,,,,,,,,,,,,,,,,,
June.2022.36,06.30 Group Class,June.2022,60,,,,,,,K (Topic: Vocab),,,,,,,,,,,,,,,,,,
,,,,,,,,,,,,,,,,,,,,,,,,,,,,
Apr.2021.Z04.08,07.07 Group Class,April.2021.Z04,8,,,,,,,H (Topic: D=RT),,,,,,,,,,,,,,,,,,
Dec.2018.13,07.07 Group Class,December.2018,13,,,,,,,A (Topic: Percents-Fractions),,,,,,,,,,,,,,,,,,
Dec.2016.17,07.07 Group Class,December.2016,17,"17. The first 5 terms of a sequence are given in the table below. The sequence is defined by setting a1 = 9 and an = an-1 + (n - 1) for n ≥ 2. What is the sixth term, a6 , of this sequence?",64,76,78,95,,B (Topic: Sequences),,,,,,,,,,,,,,,,,,
Apr.2021.D05.18,07.07 Group Class,April.2021.D05,18,,,,,,,H (Topic: Coordinate Geometry),,,,,,,,,,,,,,,,,,
Jun.2021.30,07.07 Group Class,June.2021,30,,,,,,,J (Topic: Percents-Fractions),,,,,,,,,,,,,,,,,,
Apr.2021.Z04.31,07.07 Group Class,April.2021.Z04,31,,,,,,,B (Topic: Vocab),,,,,,,,,,,,,,,,,,
Apr.2021.D05.32,07.07 Group Class,April.2021.D05,32,,,,,,,J (Topic: Imaginary Numbers),,,,,,,,,,,,,,,,,,
Apr.2019.B04.33,07.07 Group Class,April.2019.B04,33,,,,,,,A (Topic: Vocab),,,,,,,,,,,,,,,,,,
Apr.2017.38,07.07 Group Class,April.2017,38,"38) Which of the following expressions, when evaluated, equals an irrational number?",G. (rad)8/(rad)2,H.  ((rad)8)2,J. (rad)2 x (rad)8,K. (rad)2 +(rad)8,,K (Topic: Vocab),,,,,,,,,,,,,,,,,,
Jun.2016.41,07.07 Group Class,June.2016,41,41) Which of the following is the decimal equivalent to 2/7? (Note: A bar indicates a digit pattern that is repeated.),0.(bar)285714,0.28571428,0.285714(bar)28,0.285714286,0.285714(bar)2857,A (Topic: Vocab),,,,,,,,,,,,,,,,,,
Dec.2019.45,07.07 Group Class,December.2019,45,,,,,,,D (Topic: D=RT),,,,,,,,,,,,,,,,,,
Jun.2019.47,07.07 Group Class,June.2019,47,,,,,,,B (Topic: Sequences),,,,,,,,,,,,,,,,,,
Dec.2016.50,07.07 Group Class,December.2016,50,"50) The fraction 2/7 is equivalent to 0.. What is the digit in the 1,001st decimal place of 0.? (Note: The digit in the 4th decimal place of 0.  is 4.)",G. 2,H. 4,J. 5,K. 7,,F (Topic: Sequences),,,,,,,,,,,,,,,,,,
Dec.2015.50,07.07 Group Class,December.2015,50,"50) Let a be a prime number greater than 10,000 and let x = (rad)a.  Which of the following expressions represents a rational number?",G. (rad)x,H. 2x,J. x2,K. x + 2,,J (Topic: Vocab),,,,,,,,,,,,,,,,,,
Dec.2021.51,07.07 Group Class,December.2021,51,,,,,,,D (Topic: Coordinate Geometry),,,,,,,,,,,,,,,,,,
Apr.2021.Z04.51,07.07 Group Class,April.2021.Z04,51,,,,,,,D (Topic: Percents-Fractions),,,,,,,,,,,,,,,,,,
Dec.2018.51,07.07 Group Class,December.2018,51,,,,,,,B (Topic: Vocab),,,,,,,,,,,,,,,,,,
Dec.2022.52,07.07 Group Class,December.2022,52,,,,,,,F (Topic: Transformations-Translations),,,,,,,,,,,,,,,,,,
Apr.2021.D05.53,07.07 Group Class,April.2021.D05,53,,,,,,,C (Topic: D=RT),,,,,,,,,,,,,,,,,,
June.2020.53,07.07 Group Class,June.2020,53,,,,,,,B (Topic: Vocab),,,,,,,,,,,,,,,,,,
Apr.2021.D05.57,07.07 Group Class,April.2021.D05,57,,,,,,,A (Topic: Coordinate Geometry),,,,,,,,,,,,,,,,,,
Dec.2019.57,07.07 Group Class,December.2019,57,,,,,,,C (Topic: Sequences),,,,,,,,,,,,,,,,,,
,,,,,,,,,,,,,,,,,,,,,,,,,,,,
,,,,,,,,,,,,,,,,,,,,,,,,,,,,
,,,,,,,,,,,,,,,,,,,,,,,,,,,,
Jun.2021.11,07.06 Group Class,June.2021,11,,,,,,,A (Topic: System of Equations),,,,,,,,,,,,,,,,,,
Dec.2018.11,07.06 Group Class,December.2018,11,,,,,,,B (Topic: LCMGCF),,,,,,,,,,,,,,,,,,
Apr.2021.Z04.12,07.06 Group Class,April.2021.Z04,12,,,,,,,G (Topic: Coordinate Geometry),,,,,,,,,,,,,,,,,,
Apr.2018.13,07.06 Group Class,April.2018,13,,,,,,,B (Topic: Coordinate Geometry),,,,,,,,,,,,,,,,,,
Jun.2018.13,07.06 Group Class,June.2018,13,,,,,,,C (Topic: Quadratics (and above)),,,,,,,,,,,,,,,,,,
Dec.2015.17,07.06 Group Class,December.2015,17,,,,,,,D (Topic: System of Equations),,,,,,,,,,,,,,,,,,
Jun.2021.23,07.06 Group Class,June.2021,23,,,,,,,D (Topic: Sequences),,,,,,,,,,,,,,,,,,
Apr.2018.23,07.06 Group Class,April.2018,23,,,,,,,A (Topic: System of Equations),,,,,,,,,,,,,,,,,,
Apr.2015.24,07.06 Group Class,April.2015,24,,,,,,,K (Topic: Sequences),,,,,,,,,,,,,,,,,,
Apr.2018.26,07.06 Group Class,April.2018,26,,,,,,,H (Topic: Sequences),,,,,,,,,,,,,,,,,,
Apr.2021.D05.27,07.06 Group Class,April.2021.D05,27,,,,,,,E (Topic: Quadratics (and above)),,,,,,,,,,,,,,,,,,
Dec.2018.29,07.06 Group Class,December.2018,29,,,,,,,C (Topic: Imaginary Numbers),,,,,,,,,,,,,,,,,,
Apr.2017.35,07.06 Group Class,April.2017,35,,,,,,,C (Topic: Perimeter-Area-Volume),,,,,,,,,,,,,,,,,,
Apr.2019.B04.43,07.06 Group Class,April.2019.B04,43,,,,,,,E (Topic: Perimeter-Area-Volume),,,,,,,,,,,,,,,,,,
Apr.2016.45,07.06 Group Class,April.2016,45,,,,,,,A (Topic: LCMGCF),,,,,,,,,,,,,,,,,,
Apr.2019.Z15.47,07.06 Group Class,April.2019.Z15,47,,,,,,,D (Topic: Coordinate Geometry),,,,,,,,,,,,,,,,,,
Dec.2015.47,07.06 Group Class,December.2015,47,,,,,,,B (Topic: Lines),,,,,,,,,,,,,,,,,,
Jun.2017.47,07.06 Group Class,June.2017,47,,,,,,,E (Topic: LCMGCF),,,,,,,,,,,,,,,,,,
Apr.2021.Z04.48,07.06 Group Class,April.2021.Z04,48,,,,,,,G (Topic: Coordinate Geometry),,,,,,,,,,,,,,,,,,
Dec.2019.49,07.06 Group Class,December.2019,49,,,,,,,A (Topic: Sequences),,,,,,,,,,,,,,,,,,
Apr.2017.50,07.06 Group Class,April.2017,50,,,,,,,J (Topic: System of Equations),,,,,,,,,,,,,,,,,,
Apr.2017.53,07.06 Group Class,April.2017,53,,,,,,,A (Topic: Sequences),,,,,,,,,,,,,,,,,,
Dec.2021.55,07.06 Group Class,December.2021,55,,,,,,,A (Topic: Perimeter-Area-Volume),,,,,,,,,,,,,,,,,,
Apr.2021.Z04.55,07.06 Group Class,April.2021.Z04,55,,,,,,,B (Topic: Imaginary Numbers),,,,,,,,,,,,,,,,,,
Jun.2021.56,07.06 Group Class,June.2021,56,,,,,,,J (Topic: Quadratics (and above)),,,,,,,,,,,,,,,,,,
,,,,,,,,,,,,,,,,,,,,,,,,,,,,
,,,,,,,,,,,,,,,,,,,,,,,,,,,,
,,,,,,,,,,,,,,,,,,,,,,,,,,,,
,,,,,,,,,,,,,,,,,,,,,,,,,,,,
Apr.2021.Z04.08,07.13 Group Class,April.2021.Z04,8,,,,,,,H (Topic: D=RT),,,,,,,,,,,,,,,,,,
Dec.2018.13,07.13 Group Class,December.2018,13,,,,,,,A (Topic: Percents-Fractions),,,,,,,,,,,,,,,,,,
Dec.2016.17,07.13 Group Class,December.2016,17,"17. The first 5 terms of a sequence are given in the table below. The sequence is defined by setting a1 = 9 and an = an-1 + (n - 1) for n ≥ 2. What is the sixth term, a6 , of this sequence?",64,76,78,95,,B (Topic: Sequences),,,,,,,,,,,,,,,,,,
Apr.2021.D05.18,07.13 Group Class,April.2021.D05,18,,,,,,,H (Topic: Coordinate Geometry),,,,,,,,,,,,,,,,,,
Jun.2021.30,07.13 Group Class,June.2021,30,,,,,,,J (Topic: Percents-Fractions),,,,,,,,,,,,,,,,,,
Apr.2021.Z04.31,07.13 Group Class,April.2021.Z04,31,,,,,,,B (Topic: Vocab),,,,,,,,,,,,,,,,,,
Apr.2021.D05.32,07.13 Group Class,April.2021.D05,32,,,,,,,J (Topic: Imaginary Numbers),,,,,,,,,,,,,,,,,,
Apr.2019.B04.33,07.13 Group Class,April.2019.B04,33,,,,,,,A (Topic: Vocab),,,,,,,,,,,,,,,,,,
Apr.2017.38,07.13 Group Class,April.2017,38,"38) Which of the following expressions, when evaluated, equals an irrational number?",G. (rad)8/(rad)2,H.  ((rad)8)2,J. (rad)2 x (rad)8,K. (rad)2 +(rad)8,,K (Topic: Vocab),,,,,,,,,,,,,,,,,,
Jun.2016.41,07.13 Group Class,June.2016,41,41) Which of the following is the decimal equivalent to 2/7? (Note: A bar indicates a digit pattern that is repeated.),0.(bar)285714,0.28571428,0.285714(bar)28,0.285714286,0.285714(bar)2857,A (Topic: Vocab),,,,,,,,,,,,,,,,,,
Dec.2019.45,07.13 Group Class,December.2019,45,,,,,,,D (Topic: D=RT),,,,,,,,,,,,,,,,,,
Jun.2019.47,07.13 Group Class,June.2019,47,,,,,,,B (Topic: Sequences),,,,,,,,,,,,,,,,,,
Dec.2016.50,07.13 Group Class,December.2016,50,"50) The fraction 2/7 is equivalent to 0.. What is the digit in the 1,001st decimal place of 0.? (Note: The digit in the 4th decimal place of 0.  is 4.)",G. 2,H. 4,J. 5,K. 7,,F (Topic: Sequences),,,,,,,,,,,,,,,,,,
Dec.2015.50,07.13 Group Class,December.2015,50,"50) Let a be a prime number greater than 10,000 and let x = (rad)a.  Which of the following expressions represents a rational number?",G. (rad)x,H. 2x,J. x2,K. x + 2,,J (Topic: Vocab),,,,,,,,,,,,,,,,,,
Dec.2021.51,07.13 Group Class,December.2021,51,,,,,,,D (Topic: Coordinate Geometry),,,,,,,,,,,,,,,,,,
Apr.2021.Z04.51,07.13 Group Class,April.2021.Z04,51,,,,,,,D (Topic: Percents-Fractions),,,,,,,,,,,,,,,,,,
Dec.2018.51,07.13 Group Class,December.2018,51,,,,,,,B (Topic: Vocab),,,,,,,,,,,,,,,,,,
Dec.2022.52,07.13 Group Class,December.2022,52,,,,,,,F (Topic: Transformations-Translations),,,,,,,,,,,,,,,,,,
Apr.2021.D05.53,07.13 Group Class,April.2021.D05,53,,,,,,,C (Topic: D=RT),,,,,,,,,,,,,,,,,,
June.2020.53,07.13 Group Class,June.2020,53,,,,,,,B (Topic: Vocab),,,,,,,,,,,,,,,,,,
Apr.2021.D05.57,07.13 Group Class,April.2021.D05,57,,,,,,,A (Topic: Coordinate Geometry),,,,,,,,,,,,,,,,,,
Dec.2019.57,07.13 Group Class,December.2019,57,,,,,,,C (Topic: Sequences),,,,,,,,,,,,,,,,,,
,,,,,,,,,,,,,,,,,,,,,,,,,,,,
June.2020.01,PRACTICE USING CALCULATOR HW,June.2020,1,,,,,,,B (prgm: LCMGCF),,,,,,,,,,,,,,,,,,
Jun.2021.07,PRACTICE USING CALCULATOR HW,June.2021,7,,,,,,,C (prgm: ARITH),,,,,,,,,,,,,,,,,,
Jun.2021.11,PRACTICE USING CALCULATOR HW,June.2021,11,,,,,,,A (prgm: SYSTEMEQ),,,,,,,,,,,,,,,,,,
Apr.2021.Z04.12,PRACTICE USING CALCULATOR HW,April.2021.Z04,12,,,,,,,G (prgm: ENDPOINT),,,,,,,,,,,,,,,,,,
Jun.2018.13,PRACTICE USING CALCULATOR HW,June.2018,13,,,,,,,C (prgm: QUADRAT),,,,,,,,,,,,,,,,,,
Dec.2019.15,PRACTICE USING CALCULATOR HW,December.2019,15,,,,,,,B (prgm: LCMGCF),,,,,,,,,,,,,,,,,,
Dec.2022.15,PRACTICE USING CALCULATOR HW,December.2022,15,,,,,,,"C (plug into calculator, compare decimal answers)",,,,,,,,,,,,,,,,,,
June.2022.18,PRACTICE USING CALCULATOR HW,June.2022,18,,,,,,,K (prgm: QUADRAT),,,,,,,,,,,,,,,,,,
Jun.2016.18,PRACTICE USING CALCULATOR HW,June.2016,18,"18. A family plans to remodel their kitchen. They have a total budget of $45,000 to cover expenses in 6 categories. Not all the budget has been assigned. The budget amounts the have been assigned are shown in the table below. In a circle graph illustrating the 6 budget amounts in the table, what should be the measure of the central angle of the Flooring sector?",F. 24°,G. 32°,H. 40°,J. 45°,K. 72°,H (prgm: SECTORS),,,,,,,,,,,,,,,,,,
July.2020.21,PRACTICE USING CALCULATOR HW,July.2020,21,,,,,,,B (prgm: MIDPOINT),,,,,,,,,,,,,,,,,,
Apr.2021.D05.21,PRACTICE USING CALCULATOR HW,April.2021.D05,21,,,,,,,C (prgm: REMAINDER),,,,,,,,,,,,,,,,,,
Apr.2017.26,PRACTICE USING CALCULATOR HW,April.2017,26,"26. A circle in the standard (x,y) coordinate plane has center C(-1,2) and passes through A(2,6). Line segment (line)AB is a diameter of this circle. What are the coordinates of point B?","(-5, -1)","(-4, -2)","(4, 2)","(5, 10)",,H (prgm: ENDPOINT),,,,,,,,,,,,,,,,,,
Apr.2021.D05.27,PRACTICE USING CALCULATOR HW,April.2021.D05,27,,,,,,,E (prgm: BINOMIAL),,,,,,,,,,,,,,,,,,
Jun.2021.28,PRACTICE USING CALCULATOR HW,June.2021,28,,,,,,,F (prgm: DEGTORAD),,,,,,,,,,,,,,,,,,
Apr.2019.Z15.30,PRACTICE USING CALCULATOR HW,April.2019.Z15,30,,,,,,,"J (plug into calculator, compare decimal answers)",,,,,,,,,,,,,,,,,,
Jun.2018.32,PRACTICE USING CALCULATOR HW,June.2018,32,,,,,,,H (prgm: GEO),,,,,,,,,,,,,,,,,,
Jun.2019.34,PRACTICE USING CALCULATOR HW,June.2019,34,,,,,,,G (prgm: DISTANCE),,,,,,,,,,,,,,,,,,
Jun.2017.35,PRACTICE USING CALCULATOR HW,June.2017,35,35) What is the value of log2 rad(8)?,A.,B.,C. rad(2),D. 1,E. 3,B (MATH -> LOGBASE),,,,,,,,,,,,,,,,,,
Dec.2022.35,PRACTICE USING CALCULATOR HW,December.2022,35,,,,,,,D (prgm: RADTODEG),,,,,,,,,,,,,,,,,,
Apr.2021.D05.35,PRACTICE USING CALCULATOR HW,April.2021.D05,35,,,,,,,"E (plug into calculator, compare decimal answers)",,,,,,,,,,,,,,,,,,
Dec.2015.36,PRACTICE USING CALCULATOR HW,December.2015,36,"36. The measures of 4 interior angles of a pentagon are 70°, 100°, 110°, and 135°, respectively. What is the measure of the 5th interior angle?",55°,83°,108°,125°,,K (prgm: INTANGLE),,,,,,,,,,,,,,,,,,
Apr.2016.39,PRACTICE USING CALCULATOR HW,April.2016,39,"39. Points A lies at (2,6) and point B lies at (-5, 10) in the standard (x,y) coordinate plane below. What is the length, in coordinate units, of (line)AB?",(rad)65,(rad)125,13,17,,B (prgm: DISTANCE),,,,,,,,,,,,,,,,,,
Dec.2019.40,PRACTICE USING CALCULATOR HW,December.2019,40,,,,,,,H (prgm: REMAINDER),,,,,,,,,,,,,,,,,,
July.2020.42,PRACTICE USING CALCULATOR HW,July.2020,42,,,,,,,F (MATH -> LOGBASE),,,,,,,,,,,,,,,,,,
June.2022.43,PRACTICE USING CALCULATOR HW,June.2022,43,,,,,,,C (i button above . button),,,,,,,,,,,,,,,,,,
Dec.2018.46,PRACTICE USING CALCULATOR HW,December.2018,46,,,,,,,F (prgm: SYSTEMEQ),,,,,,,,,,,,,,,,,,
Dec.2016.47,PRACTICE USING CALCULATOR HW,December.2016,47,"47. A circle with radius 10 cm is divided into 3 congruent arcs. What is the length, in centimeters, of each of the 3 arcs?",(20π)/3,10π,(40π)/3,20π,,B (prgm: SECTORS),,,,,,,,,,,,,,,,,,
Jun.2017.47,PRACTICE USING CALCULATOR HW,June.2017,47,47. The greatest common factor of 2 whole numbers is 10. The least common multiple of these same two numbers is 120. What are the 2 numbers?,6 and 20,10 and 12,10 and 20,20 and 60,30 and 40,E (prgm: LCMGCF),,,,,,,,,,,,,,,,,,
Apr.2017.53,PRACTICE USING CALCULATOR HW,April.2017,53,"53) The third and 4th terms of an arithmetic sequence are 13 and 18, respectively. What is the 50th term of the sequence?",B. 250,C. 253,D. 258,E. 263,,A (prgm: ARITH),,,,,,,,,,,,,,,,,,
Jun.2021.53,PRACTICE USING CALCULATOR HW,June.2021,53,,,,,,,D (prgm: TRIANGLE),,,,,,,,,,,,,,,,,,
Jun.2021.56,PRACTICE USING CALCULATOR HW,June.2021,56,,,,,,,J (prgm: QUADRAT),,,,,,,,,,,,,,,,,,
July.2020.59,PRACTICE USING CALCULATOR HW,July.2020,59,,,,,,,E (prgm: BINOMIAL),,,,,,,,,,,,,,,,,,
Dec.2019.59,PRACTICE USING CALCULATOR HW,December.2019,59,,,,,,,A (i button above . button),,,,,,,,,,,,,,,,,,
Apr.2021.Z04.59,PRACTICE USING CALCULATOR HW,April.2021.Z04,59,,,,,,,B (prgm: TRIANGLE),,,,,,,,,,,,,,,,,,
Jun.2021.11,09.11 Clark,June.2021,11,,,,,,,A (Topic: System of Equations),,,,,,,,,,,,,,,,,,
Dec.2018.11,09.11 Clark,December.2018,11,,,,,,,B (Topic: LCMGCF),,,,,,,,,,,,,,,,,,
Apr.2021.Z04.12,09.11 Clark,April.2021.Z04,12,,,,,,,G (Topic: Coordinate Geometry),,,,,,,,,,,,,,,,,,
Apr.2018.13,09.11 Clark,April.2018,13,,,,,,,B (Topic: Coordinate Geometry),,,,,,,,,,,,,,,,,,
Jun.2018.13,09.11 Clark,June.2018,13,,,,,,,C (Topic: Quadratics (and above)),,,,,,,,,,,,,,,,,,
Dec.2015.17,09.11 Clark,December.2015,17,,,,,,,D (Topic: System of Equations),,,,,,,,,,,,,,,,,,
Jun.2021.23,09.11 Clark,June.2021,23,,,,,,,D (Topic: Sequences),,,,,,,,,,,,,,,,,,
Apr.2018.23,09.11 Clark,April.2018,23,,,,,,,A (Topic: System of Equations),,,,,,,,,,,,,,,,,,
Apr.2015.24,09.11 Clark,April.2015,24,,,,,,,K (Topic: Sequences),,,,,,,,,,,,,,,,,,
Apr.2018.26,09.11 Clark,April.2018,26,,,,,,,H (Topic: Sequences),,,,,,,,,,,,,,,,,,
Apr.2021.D05.27,09.11 Clark,April.2021.D05,27,,,,,,,E (Topic: Quadratics (and above)),,,,,,,,,,,,,,,,,,
Dec.2018.29,09.11 Clark,December.2018,29,,,,,,,C (Topic: Imaginary Numbers),,,,,,,,,,,,,,,F,2022,Apr,4
Apr.2017.35,09.11 Clark,April.2017,35,,,,,,,C (Topic: Perimeter-Area-Volume),,,,,,,,,,,,,,,,,,
Apr.2019.B04.43,09.11 Clark,April.2019.B04,43,,,,,,,E (Topic: Perimeter-Area-Volume),,,,,,,,,,,,,,,,,,
Apr.2016.45,09.11 Clark,April.2016,45,,,,,,,A (Topic: LCMGCF),,,,,,,,,,,,,,,,,,
Apr.2019.Z15.47,09.11 Clark,April.2019.Z15,47,,,,,,,D (Topic: Coordinate Geometry),,,,,,,,,,,,,,,,,,
Dec.2015.47,09.11 Clark,December.2015,47,,,,,,,B (Topic: Lines),,,,,,,,,,,,,,,,,,
Jun.2017.47,09.11 Clark,June.2017,47,,,,,,,E (Topic: LCMGCF),,,,,,,,,,,,,,,,,,
Apr.2021.Z04.48,09.11 Clark,April.2021.Z04,48,,,,,,,G (Topic: Coordinate Geometry),,,,,,,,,,,,,,,,,,
Dec.2019.49,09.11 Clark,December.2019,49,,,,,,,A (Topic: Sequences),,,,,,,,,,,,,,,,,,
Apr.2017.50,09.11 Clark,April.2017,50,,,,,,,J (Topic: System of Equations),,,,,,,,,,,,,,,,,,
Apr.2017.53,09.11 Clark,April.2017,53,,,,,,,A (Topic: Sequences),,,,,,,,,,,,,,,,,,
Dec.2021.55,09.11 Clark,December.2021,55,,,,,,,A (Topic: Perimeter-Area-Volume),,,,,,,,,,,,,,,,,,
Apr.2021.Z04.55,09.11 Clark,April.2021.Z04,55,,,,,,,B (Topic: Imaginary Numbers),,,,,,,,,,,,,,,,,,
Jun.2021.56,09.11 Clark,June.2021,56,,,,,,,J (Topic: Quadratics (and above)),,,,,,,,,,,,,,,,,,
Jun.2021.11,09.24 Chase,June.2021,11,,,,,,,A (Topic: System of Equations),,,,,,,,,,,,,,,,,,
Dec.2018.11,09.24 Chase,December.2018,11,,,,,,,B (Topic: LCMGCF),,,,,,,,,,,,,,,,,,
Apr.2021.Z04.12,09.24 Chase,April.2021.Z04,12,,,,,,,G (Topic: Coordinate Geometry),,,,,,,,,,,,,,,,,,
Apr.2018.13,09.24 Chase,April.2018,13,,,,,,,B (Topic: Coordinate Geometry),,,,,,,,,,,,,,,,,,
Jun.2018.13,09.24 Chase,June.2018,13,,,,,,,C (Topic: Quadratics (and above)),,,,,,,,,,,,,,,,,,
Dec.2015.17,09.24 Chase,December.2015,17,,,,,,,D (Topic: System of Equations),,,,,,,,,,,,,,,,,,
Jun.2021.23,09.24 Chase,June.2021,23,,,,,,,D (Topic: Sequences),,,,,,,,,,,,,,,,,,
Apr.2018.23,09.24 Chase,April.2018,23,,,,,,,A (Topic: System of Equations),,,,,,,,,,,,,,,,,,
Apr.2015.24,09.24 Chase,April.2015,24,,,,,,,K (Topic: Sequences),,,,,,,,,,,,,,,,,,
Apr.2018.26,09.24 Chase,April.2018,26,,,,,,,H (Topic: Sequences),,,,,,,,,,,,,,,,,,
Apr.2021.D05.27,09.24 Chase,April.2021.D05,27,,,,,,,E (Topic: Quadratics (and above)),,,,,,,,,,,,,,,,,,
Dec.2018.29,09.24 Chase,December.2018,29,,,,,,,C (Topic: Imaginary Numbers),,,,,,,,,,,,,,,F,2022,Apr,4
Apr.2017.35,09.24 Chase,April.2017,35,,,,,,,C (Topic: Perimeter-Area-Volume),,,,,,,,,,,,,,,,,,
Apr.2019.B04.43,09.24 Chase,April.2019.B04,43,,,,,,,E (Topic: Perimeter-Area-Volume),,,,,,,,,,,,,,,,,,
Apr.2016.45,09.24 Chase,April.2016,45,,,,,,,A (Topic: LCMGCF),,,,,,,,,,,,,,,,,,
Apr.2019.Z15.47,09.24 Chase,April.2019.Z15,47,,,,,,,D (Topic: Coordinate Geometry),,,,,,,,,,,,,,,,,,
Dec.2015.47,09.24 Chase,December.2015,47,,,,,,,B (Topic: Lines),,,,,,,,,,,,,,,,,,
Jun.2017.47,09.24 Chase,June.2017,47,,,,,,,E (Topic: LCMGCF),,,,,,,,,,,,,,,,,,
Apr.2021.Z04.48,09.24 Chase,April.2021.Z04,48,,,,,,,G (Topic: Coordinate Geometry),,,,,,,,,,,,,,,,,,
Dec.2019.49,09.24 Chase,December.2019,49,,,,,,,A (Topic: Sequences),,,,,,,,,,,,,,,,,,
Apr.2017.50,09.24 Chase,April.2017,50,,,,,,,J (Topic: System of Equations),,,,,,,,,,,,,,,,,,
Apr.2017.53,09.24 Chase,April.2017,53,,,,,,,A (Topic: Sequences),,,,,,,,,,,,,,,,,,
Dec.2021.55,09.24 Chase,December.2021,55,,,,,,,A (Topic: Perimeter-Area-Volume),,,,,,,,,,,,,,,,,,
Apr.2021.Z04.55,09.24 Chase,April.2021.Z04,55,,,,,,,B (Topic: Imaginary Numbers),,,,,,,,,,,,,,,,,,
Jun.2021.56,09.24 Chase,June.2021,56,,,,,,,J (Topic: Quadratics (and above)),,,,,,,,,,,,,,,,,,
Jun.2021.11,09.23 Deven,June.2021,11,,,,,,,A (Topic: System of Equations),,,,,,,,,,,,,,,,,,
Dec.2018.11,09.23 Deven,December.2018,11,,,,,,,B (Topic: LCMGCF),,,,,,,,,,,,,,,,,,
Apr.2021.Z04.12,09.23 Deven,April.2021.Z04,12,,,,,,,G (Topic: Coordinate Geometry),,,,,,,,,,,,,,,,,,
Apr.2018.13,09.23 Deven,April.2018,13,,,,,,,B (Topic: Coordinate Geometry),,,,,,,,,,,,,,,,,,
Jun.2018.13,09.23 Deven,June.2018,13,,,,,,,C (Topic: Quadratics (and above)),,,,,,,,,,,,,,,,,,
Dec.2015.17,09.23 Deven,December.2015,17,,,,,,,D (Topic: System of Equations),,,,,,,,,,,,,,,,,,
Jun.2021.23,09.23 Deven,June.2021,23,,,,,,,D (Topic: Sequences),,,,,,,,,,,,,,,,,,
Apr.2018.23,09.23 Deven,April.2018,23,,,,,,,A (Topic: System of Equations),,,,,,,,,,,,,,,,,,
Apr.2015.24,09.23 Deven,April.2015,24,,,,,,,K (Topic: Sequences),,,,,,,,,,,,,,,,,,
Apr.2018.26,09.23 Deven,April.2018,26,,,,,,,H (Topic: Sequences),,,,,,,,,,,,,,,,,,
Apr.2021.D05.27,09.23 Deven,April.2021.D05,27,,,,,,,E (Topic: Quadratics (and above)),,,,,,,,,,,,,,,,,,
Dec.2018.29,09.23 Deven,December.2018,29,,,,,,,C (Topic: Imaginary Numbers),,,,,,,,,,,,,,,F,2022,Apr,4
Apr.2017.35,09.23 Deven,April.2017,35,,,,,,,C (Topic: Perimeter-Area-Volume),,,,,,,,,,,,,,,,,,
Apr.2019.B04.43,09.23 Deven,April.2019.B04,43,,,,,,,E (Topic: Perimeter-Area-Volume),,,,,,,,,,,,,,,,,,
Apr.2016.45,09.23 Deven,April.2016,45,,,,,,,A (Topic: LCMGCF),,,,,,,,,,,,,,,,,,
Apr.2019.Z15.47,09.23 Deven,April.2019.Z15,47,,,,,,,D (Topic: Coordinate Geometry),,,,,,,,,,,,,,,,,,
Dec.2015.47,09.23 Deven,December.2015,47,,,,,,,B (Topic: Lines),,,,,,,,,,,,,,,,,,
Jun.2017.47,09.23 Deven,June.2017,47,,,,,,,E (Topic: LCMGCF),,,,,,,,,,,,,,,,,,
Apr.2021.Z04.48,09.23 Deven,April.2021.Z04,48,,,,,,,G (Topic: Coordinate Geometry),,,,,,,,,,,,,,,,,,
Dec.2019.49,09.23 Deven,December.2019,49,,,,,,,A (Topic: Sequences),,,,,,,,,,,,,,,,,,
Apr.2017.50,09.23 Deven,April.2017,50,,,,,,,J (Topic: System of Equations),,,,,,,,,,,,,,,,,,
Apr.2017.53,09.23 Deven,April.2017,53,,,,,,,A (Topic: Sequences),,,,,,,,,,,,,,,,,,
Dec.2021.55,09.23 Deven,December.2021,55,,,,,,,A (Topic: Perimeter-Area-Volume),,,,,,,,,,,,,,,,,,
Apr.2021.Z04.55,09.23 Deven,April.2021.Z04,55,,,,,,,B (Topic: Imaginary Numbers),,,,,,,,,,,,,,,,,,
Jun.2021.56,09.23 Deven,June.2021,56,,,,,,,J (Topic: Quadratics (and above)),,,,,,,,,,,,,,,,,,
Jun.2021.11,09.28 Group Class,June.2021,11,,,,,,,A (Topic: System of Equations),,,,,,,,,,,,,,,,,,
Dec.2018.11,09.28 Group Class,December.2018,11,,,,,,,B (Topic: LCMGCF),,,,,,,,,,,,,,,,,,
Apr.2021.Z04.12,09.28 Group Class,April.2021.Z04,12,,,,,,,G (Topic: Coordinate Geometry),,,,,,,,,,,,,,,,,,
Apr.2018.13,09.28 Group Class,April.2018,13,,,,,,,B (Topic: Coordinate Geometry),,,,,,,,,,,,,,,,,,
Jun.2018.13,09.28 Group Class,June.2018,13,,,,,,,C (Topic: Quadratics (and above)),,,,,,,,,,,,,,,,,,
Dec.2015.17,09.28 Group Class,December.2015,17,,,,,,,D (Topic: System of Equations),,,,,,,,,,,,,,,,,,
Jun.2021.23,09.28 Group Class,June.2021,23,,,,,,,D (Topic: Sequences),,,,,,,,,,,,,,,,,,
Apr.2018.23,09.28 Group Class,April.2018,23,,,,,,,A (Topic: System of Equations),,,,,,,,,,,,,,,,,,
Apr.2015.24,09.28 Group Class,April.2015,24,,,,,,,K (Topic: Sequences),,,,,,,,,,,,,,,,,,
Apr.2018.26,09.28 Group Class,April.2018,26,,,,,,,H (Topic: Sequences),,,,,,,,,,,,,,,,,,
Apr.2021.D05.27,09.28 Group Class,April.2021.D05,27,,,,,,,E (Topic: Quadratics (and above)),,,,,,,,,,,,,,,,,,
Dec.2018.29,09.28 Group Class,December.2018,29,,,,,,,C (Topic: Imaginary Numbers),,,,,,,,,,,,,,,F,2022,Apr,4
Apr.2017.35,09.28 Group Class,April.2017,35,,,,,,,C (Topic: Perimeter-Area-Volume),,,,,,,,,,,,,,,,,,
Apr.2019.B04.43,09.28 Group Class,April.2019.B04,43,,,,,,,E (Topic: Perimeter-Area-Volume),,,,,,,,,,,,,,,,,,
Apr.2016.45,09.28 Group Class,April.2016,45,,,,,,,A (Topic: LCMGCF),,,,,,,,,,,,,,,,,,
Apr.2019.Z15.47,09.28 Group Class,April.2019.Z15,47,,,,,,,D (Topic: Coordinate Geometry),,,,,,,,,,,,,,,,,,
Dec.2015.47,09.28 Group Class,December.2015,47,,,,,,,B (Topic: Lines),,,,,,,,,,,,,,,,,,
Jun.2017.47,09.28 Group Class,June.2017,47,,,,,,,E (Topic: LCMGCF),,,,,,,,,,,,,,,,,,
Apr.2021.Z04.48,09.28 Group Class,April.2021.Z04,48,,,,,,,G (Topic: Coordinate Geometry),,,,,,,,,,,,,,,,,,
Dec.2019.49,09.28 Group Class,December.2019,49,,,,,,,A (Topic: Sequences),,,,,,,,,,,,,,,,,,
Apr.2017.50,09.28 Group Class,April.2017,50,,,,,,,J (Topic: System of Equations),,,,,,,,,,,,,,,,,,
Apr.2017.53,09.28 Group Class,April.2017,53,,,,,,,A (Topic: Sequences),,,,,,,,,,,,,,,,,,
Dec.2021.55,09.28 Group Class,December.2021,55,,,,,,,A (Topic: Perimeter-Area-Volume),,,,,,,,,,,,,,,,,,
Apr.2021.Z04.55,09.28 Group Class,April.2021.Z04,55,,,,,,,B (Topic: Imaginary Numbers),,,,,,,,,,,,,,,,,,
Jun.2021.56,09.28 Group Class,June.2021,56,,,,,,,J (Topic: Quadratics (and above)),,,,,,,,,,,,,,,,,,
Dec.2020.06,10.05 Jude,December.2020,6,,,,,,,J (Topic: LCMGCF),,,,,,,,,,,,,,,,,,
Jun.2021.07,10.05 Jude,June.2021,7,,,,,,,C (Topic: Sequences),,,,,,,,,,,,,,,,,,
Apr.2017.09,10.05 Jude,April.2017,9,,,,,,,D (Topic: Coordinate Geometry),,,,,,,,,,,,,,,,,,
Jun.2021.11,10.05 Jude,June.2021,11,,,,,,,A (Topic: System of Equations),,,,,,,,,,,,,,,,,,
Apr.2018.12,10.05 Jude,April.2018,12,,,,,,,G (Topic: Sequences),,,,,,,,,,,,,,,,,,
Feb.2025.Z14.12,10.05 Jude,February.2025.Z14,12,,,,,,,H (Topic: Quadratics (and above)),,,,,,,,,,,,,,,,,,
Apr.2011.13,10.05 Jude,April.2011,13,,,,,,,D (Topic: System of Equations),,,,,,,,,,,,,,,,,,
Apr.2018.13,10.05 Jude,April.2018,13,,,,,,,B (Topic: Coordinate Geometry),,,,,,,,,,,,,,,,,,
June.2022.17,10.05 Jude,June.2022,17,,,,,,,D (Topic: LCMGCF),,,,,,,,,,,,,,,,,,
Apr.2015.24,10.05 Jude,April.2015,24,,,,,,,K (Topic: Sequences),,,,,,,,,,,,,,,,,,
Dec.2015.24,10.05 Jude,December.2015,24,,,,,,,H (Topic: Coordinate Geometry),,,,,,,,,,,,,,,,,,
Apr.2021.D05.27,10.05 Jude,April.2021.D05,27,,,,,,,E (Topic: Quadratics (and above)),,,,,,,,,,,,,,,,,,
Sep.2023.G01.27,10.05 Jude,September.2023.G01,27,,,,,,,A (Topic: Perimeter-Area-Volume),,,,,,,,,,,,,,,,,,
Apr.2024.G19.41,10.05 Jude,April.2024.G19,41,,,,,,,A (Topic: LCMGCF),,,,,,,,,,,,,,,,,,
Dec.2010.42,10.05 Jude,December.2010,42,,,,,,,G (Topic: Perimeter-Area-Volume),,,,,,,,,,,,,,,,,,
Dec.2020.42,10.05 Jude,December.2020,42,,,,,,,G (Topic: Coordinate Geometry),,,,,,,,,,,,,,,,,,
2012.1MC.48,10.05 Jude,2012.1MC,48,,,,,,,J (Topic: Imaginary Numbers),,,,,,,,,,,,,,,,,,
Apr.2014.53,10.05 Jude,April.2014,53,,,,,,,C (Topic: Imaginary Numbers),,,,,,,,,,,,,,,,,,
Feb.2025.Z14.53,10.05 Jude,February.2025.Z14,53,,,,,,,D (Topic: System of Equations),,,,,,,,,,,,,,,,,,
Jun.2021.56,10.05 Jude,June.2021,56,,,,,,,J (Topic: Quadratics (and above)),,,,,,,,,,,,,,,,,,
Dec.2020.06,10.05 Anthony,December.2020,6,,,,,,,J (Topic: LCMGCF),,,,,,,,,,,,,,,,,,
Jun.2021.07,10.05 Anthony,June.2021,7,,,,,,,C (Topic: Sequences),,,,,,,,,,,,,,,,,,
Apr.2017.09,10.05 Anthony,April.2017,9,,,,,,,D (Topic: Coordinate Geometry),,,,,,,,,,,,,,,,,,
Jun.2021.11,10.05 Anthony,June.2021,11,,,,,,,A (Topic: System of Equations),,,,,,,,,,,,,,,,,,
Apr.2018.12,10.05 Anthony,April.2018,12,,,,,,,G (Topic: Sequences),,,,,,,,,,,,,,,,,,
Feb.2025.Z14.12,10.05 Anthony,February.2025.Z14,12,,,,,,,H (Topic: Quadratics (and above)),,,,,,,,,,,,,,,,,,
Apr.2018.13,10.05 Anthony,April.2018,13,,,,,,,B (Topic: Coordinate Geometry),,,,,,,,,,,,,,,,,,
June.2022.17,10.05 Anthony,June.2022,17,,,,,,,D (Topic: LCMGCF),,,,,,,,,,,,,,,,,,
Apr.2015.24,10.05 Anthony,April.2015,24,,,,,,,K (Topic: Sequences),,,,,,,,,,,,,,,,,,
Dec.2015.24,10.05 Anthony,December.2015,24,,,,,,,H (Topic: Coordinate Geometry),,,,,,,,,,,,,,,,,,
Apr.2021.D05.27,10.05 Anthony,April.2021.D05,27,,,,,,,E (Topic: Quadratics (and above)),,,,,,,,,,,,,,,,,,
Apr.2015.40,10.05 Anthony,April.2015,40,,,,,,,J (Topic: System of Equations),,,,,,,,,,,,,,,,,,
Apr.2024.G19.41,10.05 Anthony,April.2024.G19,41,,,,,,,A (Topic: LCMGCF),,,,,,,,,,,,,,,,,,
Dec.2020.42,10.05 Anthony,December.2020,42,,,,,,,G (Topic: Coordinate Geometry),,,,,,,,,,,,,,,,,,
Feb.2025.Z14.53,10.05 Anthony,February.2025.Z14,53,,,,,,,D (Topic: System of Equations),,,,,,,,,,,,,,,,,,
Jun.2021.56,10.05 Anthony,June.2021,56,,,,,,,J (Topic: Quadratics (and above)),,,,,,,,,,,,,,,,,,
Apr.2021.D05.07,10.05 Group Class,April.2021.D05,7,,,,,,,B (Topic: Vocab),,,,,,,,,,,,,,,,,,
Dec.2020.07,10.05 Group Class,December.2020,7,,,,,,,B (Topic: Probability-Combinations-Permutations),,,,,,,,,,,,,,,,,,
Jun.2019.21,10.05 Group Class,June.2019,21,,,,,,,D (Topic: Probability-Combinations-Permutations),,,,,,,,,,,,,,,,,,
Dec.2020.22,10.05 Group Class,December.2020,22,,,,,,,G (Topic: Vocab),,,,,,,,,,,,,,,,,,
Apr.2019.B04.27,10.05 Group Class,April.2019.B04,27,,,,,,,A (Topic: Probability-Combinations-Permutations),,,,,,,,,,,,,,,,,,
Apr.2022.Z08.31,10.05 Group Class,April.2022.Z08,31,,,,,,,A (Topic: Probability-Combinations-Permutations),,,,,,,,,,,,,,,,,,
Dec.2022.34,10.05 Group Class,December.2022,34,,,,,,,J (Topic: Probability-Combinations-Permutations),,,,,,,,,,,,,,,,,,
Apr.2009.35,10.05 Group Class,April.2009,35,,,,,,,B (Topic: Statistics),,,,,,,,,,,,,,,,,,
Jun.2011.69F.36,10.05 Group Class,June.2011.69F,36,,,,,,,K (Topic: Probability-Combinations-Permutations),,,,,,,,,,,,,,,,,,
Sep.2024.H11.37,10.05 Group Class,September.2024.H11,37,,,,,,,B (Topic: Probability-Combinations-Permutations),,,,,,,,,,,,,,,,,,
Dec.2017.39,10.05 Group Class,December.2017,39,,,,,,,C (Topic: Statistics),,,,,,,,,,,,,,,,,,
June.2022.39,10.05 Group Class,June.2022,39,,,,,,,C (Topic: Data Interpretation),,,,,,,,,,,,,,,,,,
Jun.2015.41,10.05 Group Class,June.2015,41,,,,,,,D (Topic: Data Interpretation),,,,,,,,,,,,,,,,,,
Dec.2017.42,10.05 Group Class,December.2017,42,,,,,,,G (Topic: Probability-Combinations-Permutations),,,,,,,,,,,,,,,,,,
Jun.2024.G20.43,10.05 Group Class,June.2024.G20,43,,,,,,,C (Topic: Vocab),,,,,,,,,,,,,,,,,,
Sep.2023.G01.44,10.05 Group Class,September.2023.G01,44,,,,,,,F (Topic: Probability-Combinations-Permutations),,,,,,,,,,,,,,,,,,
Jun.2010.45,10.05 Group Class,June.2010,45,,,,,,,D (Topic: Statistics),,,,,,,,,,,,,,,,,,
Dec.2014.46,10.05 Group Class,December.2014,46,,,,,,,K (Topic: Vocab),,,,,,,,,,,,,,,,,,
Apr.2022.E25.48,10.05 Group Class,April.2022.E25,48,,,,,,,G (Topic: Statistics),,,,,,,,,,,,,,,,,,
Apr.2023.Z18.48,10.05 Group Class,April.2023.Z18,48,,,,,,,J (Topic: Statistics),,,,,,,,,,,,,,,,,,
Dec.2014.49,10.05 Group Class,December.2014,49,,,,,,,B (Topic: Data Interpretation),,,,,,,,,,,,,,,,,,
Dec.2024.H31.50,10.05 Group Class,December.2024.H31,50,,,,,,,J (Topic: Statistics),,,,,,,,,,,,,,,,,,
Apr.2018.52,10.05 Group Class,April.2018,52,,,,,,,J (Topic: Probability-Combinations-Permutations),,,,,,,,,,,,,,,,,,
Apr.2023.F11.52,10.05 Group Class,April.2023.F11,52,,,,,,,F (Topic: Vocab),,,,,,,,,,,,,,,,,,
Dec.2017.54,10.05 Group Class,December.2017,54,,,,,,,J (Topic: Statistics),,,,,,,,,,,,,,,,,,
Sep.2023.G01.55,10.05 Group Class,September.2023.G01,55,,,,,,,A (Topic: Vocab),,,,,,,,,,,,,,,,,,
Apr.2024.G19.56,10.05 Group Class,April.2024.G19,56,,,,,,,J (Topic: Vocab),,,,,,,,,,,,,,,,,,
Apr.2019.Z15.57,10.05 Group Class,April.2019.Z15,57,,,,,,,D (Topic: Statistics),,,,,,,,,,,,,,,,,,
Jun.2024.G20.58,10.05 Group Class,June.2024.G20,58,,,,,,,H (Topic: Probability-Combinations-Permutations),,,,,,,,,,,,,,,,,,
Dec.2016.59,10.05 Group Class,December.2016,59,,,,,,,A (Topic: Statistics),,,,,,,,,,,,,,,,,,